anger_mean,disgust_mean,fear_mean,happiness_mean,sadness_mean,surprise_mean,neutral_mean,AU01_mean,AU02_mean,AU04_mean,AU05_mean,AU06_mean,AU07_mean,AU09_mean,AU10_mean,AU11_mean,AU12_mean,AU14_mean,AU15_mean,AU17_mean,AU20_mean,AU23_mean,AU24_mean,AU25_mean,AU26_mean,AU28_mean,AU43_mean,mouth_openness_mean,anger_std,disgust_std,fear_std,happiness_std,sadness_std,surprise_std,neutral_std,AU01_std,AU02_std,AU04_std,AU05_std,AU06_std,AU07_std,AU09_std,AU10_std,AU11_std,AU12_std,AU14_std,AU15_std,AU17_std,AU20_std,AU23_std,AU24_std,AU25_std,AU26_std,AU28_std,AU43_std,mouth_openness_std
0.057724155485630035,0.025189029052853584,0.009192376397550106,0.14878889918327332,0.005591353867202997,0.08774083107709885,0.665773332118988,0.21210256218910217,0.10314589738845825,0.584827721118927,0.29842206835746765,0.36114680767059326,1.0,0.24917112290859222,0.17338387668132782,0.8235294222831726,0.308806449174881,0.4327557682991028,0.2691195011138916,0.47675082087516785,0.11764705926179886,0.5387412905693054,0.4041768014431,0.4857885241508484,0.4451904892921448,0.2653982639312744,0.14745676517486572,25.330825432301893,0.07843239605426788,0.027783073484897614,0.01418345421552658,0.12133270502090454,0.003758519422262907,0.17949119210243225,0.20778703689575195,0.05253841355443001,0.029751207679510117,0.11494658887386322,0.04432743787765503,0.13164444267749786,0.0,0.18730010092258453,0.154535174369812,0.3929526209831238,0.15807053446769714,0.10867074131965637,0.10091771930456161,0.08616450428962708,0.3321055769920349,0.10149309784173965,0.24748274683952332,0.41573184728622437,0.32038459181785583,0.1833900660276413,0.25426000356674194,4.840488752106969
