overall_mean,lower_face_mean,upper_face_mean,lips_mean,eyebrows_mean,mouth_openness_mean,overall_std,lower_face_std,upper_face_std,lips_std,eyebrows_std,mouth_openness_std
0.003643470733679052,0.003686571360376489,0.00362211409231708,0.0033906069207177147,0.004362741980097011,0.3307912114650034,0.0037956512514388733,0.005224688213497186,0.003556791981553444,0.006233148174014558,0.003826021968748933,0.20627449843149256
