f0_mean,f0_stddev,f0_range,f1_mean,f1_stddev,f1_range,f2_mean,f2_stddev,f2_range,f3_mean,f3_stddev,f3_range,f4_mean,f4_stddev,f4_range,loudness_mean,loudness_stddev,loudness_range,hnr_mean,hnr_stddev,hnr_range,jitter,jitter_abs,jitter_rap,jitter_ppq5,jitter_ddp,shimmer,shimmer_db,shimmer_apq3,shimmer_apq5,shimmer_apq11,shimmer_dda,gne_ratio,mfcc1_mean,mfcc2_mean,mfcc3_mean,mfcc4_mean,mfcc5_mean,mfcc6_mean,mfcc7_mean,mfcc8_mean,mfcc9_mean,mfcc10_mean,mfcc11_mean,mfcc12_mean,mfcc13_mean,mfcc14_mean,mfcc1_var,mfcc2_var,mfcc3_var,mfcc4_var,mfcc5_var,mfcc6_var,mfcc7_var,mfcc8_var,mfcc9_var,mfcc10_var,mfcc11_var,mfcc12_var,mfcc13_var,mfcc14_var,cpp_mean,cpp_var,spir,dur_med,dur_mad,silence_ratio,rel_f0_sd,rel_se0_sd,mean_hrf,std_hrf,mean_naq,std_naq,mean_qoq,std_qoq,fcom,ftrc,fmon,ftrf,ftri,ftrp,ftrcip,ftrps,fcohnr,acom,atrc,amon,atrf,atri,atrp,atrcip,atrps,acohnr
110.98389676382057,16.095687334463715,64.58487512066594,677.89057089826,465.0740389243305,1765.426404745528,1688.8237010660466,593.7553949963906,2669.602635357761,2685.7882667327062,489.2931085677714,2615.484424239533,3729.408131894139,540.9554152539893,2078.6532594705945,46.755644088062354,6.005962521691686,25.827441323745504,7.828460529573522,4.718312569989834,19.920999165538472,0.04026702292960586,0.0003644599411028914,0.020292008829100622,0.02177676324930608,0.060876026487301865,0.14259162633699055,1.3566434661451716,0.05734642597966985,0.09659178644267764,0.1449207686211965,0.17203927793900956,0.9024557162147078,-728.51806640625,70.90251159667969,1.1593300104141235,13.490647315979004,4.490161895751953,13.509897232055664,-2.785057306289673,1.9812136888504028,-2.4285693168640137,-3.0217936038970947,-6.875241756439209,-3.3176615238189697,3.461442708969116,-3.284438133239746,24172.712890625,7407.23974609375,475.9209289550781,518.6942138671875,178.11721801757812,386.6512145996094,200.4591064453125,82.2020034790039,122.99364471435547,86.97701263427734,125.52368927001953,75.81841278076172,83.69058990478516,92.03461456298828,,,1.7657445556209541,1.0870000000000002,0.0030000000000000027,70.03058103975535,0.5334772112646053,0.12787953600006235,43.06868661017272,48.934858134033604,0.0025584195455074493,0.0009398859120547295,0.5075604589052853,0.3530339578291589,0.721,0.385,1.0,1.707,6.326,3.989,2.434,2.434,-5.63,0.839,0.635,1.0,2.879,41.656,30.918,26.466,26.466,-0.91
